lessonId,order,es,tr,en,exampleEs,exampleTr,exampleEn
lesson1,1,hablar,konuşmak,to speak,Quiero hablar español todos los días.,Her gün İspanyolca konuşmak istiyorum.,I want to speak Spanish every day.
lesson1,2,comer,yemek yemek,to eat,Suelo comer sano.,Genelde sağlıklı beslenirim.,I usually eat healthy.
lesson1,3,leer,okumak,to read,Me gusta leer por las noches.,Geceleri okumayı severim.,I like reading at night.
lesson1,4,beber,içmek,to drink,Bebo agua todos los días.,Her gün su içerim.,I drink water every day.
lesson1,5,escribir,yazmak,to write,Escribo en mi cuaderno.,Defterime yazarım.,I write in my notebook.

lesson2,1,vivir,yaşamak,to live,Vivo en Estambul.,İstanbul’da yaşıyorum.,I live in Istanbul.
lesson2,2,trabajar,çalışmak,to work,Trabajo desde casa.,Evden çalışıyorum.,I work from home.
lesson2,3,estudiar,ders çalışmak,to study,Estudio español cada día.,Her gün İspanyolca çalışıyorum.,I study Spanish every day.
lesson2,4,caminar,yürümek,to walk,Camino al trabajo.,İşe yürüyerek giderim.,I walk to work.
lesson2,5,viajar,seyahat etmek,to travel,Me encanta viajar.,Seyahat etmeyi seviyorum.,I love to travel.

lesson3,1,querer,istemek,to want,Quiero un café, please.,Bir kahve istiyorum.,I want a coffee, please.
lesson3,2,necesitar,ihtiyaç duymak,to need,Necesito ayuda.,Yardıma ihtiyacım var.,I need help.
lesson3,3,poder,-e bilmek (yetenek),to be able to,Puedo hablar un poco.,Biraz konuşabiliyorum.,I can speak a little.
lesson3,4,ir,gitmek,to go,Voy al supermercado.,Market’e gidiyorum.,I’m going to the supermarket.
lesson3,5,hacer,yapmak,to do / to make,Hago mi tarea.,Ödevimi yapıyorum.,I do my homework.
